{"models": {"8.0": {"coef": 741.9999999999984, "intercept": -5945.399999999986}, "9.0": {"coef": 608.9999999999995, "intercept": -5132.099999999996}, "10.0": {"coef": 633.9999999999995, "intercept": -5626.599999999996}, "11.0": {"coef": 655.9999999999991, "intercept": -6134.599999999989}, "12.0": {"coef": 810.9999999999985, "intercept": -8276.59999999998}, "13.0": {"coef": 551.3095238095239, "intercept": -5380.357142857143}, "14.0": {"coef": 466.16666666666634, "intercept": -4360.244444444439}, "15.0": {"coef": 517.3809523809526, "intercept": -5215.547619047624}, "16.0": {"coef": 540.2310924369752, "intercept": -5737.5651260504255}, "17.0": {"coef": 510.9523809523815, "intercept": -5411.952380952389}, "18.0": {"coef": 430.0000000000015, "intercept": -4087.333333333359}}, "min_date": "2014-09-17"}