{"models": {"8.0": {"coef": 741.9999999999984, "intercept": -5945.399999999986}, "9.0": {"coef": 608.9999999999997, "intercept": -5132.099999999996}, "10.0": {"coef": 633.9999999999995, "intercept": -5626.599999999996}, "11.0": {"coef": 655.9999999999991, "intercept": -6134.599999999989}, "12.0": {"coef": 810.9999999999983, "intercept": -8276.599999999979}, "13.0": {"coef": 551.309523809524, "intercept": -5380.357142857144}, "14.0": {"coef": 466.1666666666664, "intercept": -4360.24444444444}, "15.0": {"coef": 517.3809523809525, "intercept": -5215.547619047622}, "16.0": {"coef": 536.2850467289719, "intercept": -5673.490654205607}, "17.0": {"coef": 510.9523809523815, "intercept": -5411.952380952389}, "18.0": {"coef": 419.999999999994, "intercept": -3906.9999999998918}}, "min_date": "2014-09-17"}